epoch,train_loss,train_acc,val_loss,val_acc
0,0.8795246455980383,0.5120961654589372,0.727047860622406,0.5665012925790754
1,0.8519975931748099,0.5225600090579711,0.7076117893060049,0.5651992092457421
2,0.8384584525357122,0.5263907759661836,0.6953898966312408,0.5658502509124087
