epoch,train_loss,train_acc,val_loss,val_acc
0,0.8004714250564575,0.3611111111111111,0.7132245898246765,0.4791666666666667
